feature,importance,coefficient,direction
product_category_Books,0.7952435437994525,-0.7952435437994525,Decreases Return Risk (-)
product_category_Fashion,0.6293629064604233,0.6293629064604233,Increases Return Risk (+)
payment_method_Debit Card,0.5301006154324098,-0.5301006154324098,Decreases Return Risk (-)
product_category_Grocery,0.5190595019036113,-0.5190595019036113,Decreases Return Risk (-)
discount_percent,0.5033123959997378,0.5033123959997378,Increases Return Risk (+)
payment_method_Cash on Delivery,0.48509821394861624,0.48509821394861624,Increases Return Risk (+)
product_category_Sports,0.34273968676952193,0.34273968676952193,Increases Return Risk (+)
product_category_Electronics,0.3001320235356024,0.3001320235356024,Increases Return Risk (+)
customer_purchase_history,0.29034200411324573,-0.29034200411324573,Decreases Return Risk (-)
payment_method_Wallet,0.2649603604895257,0.2649603604895257,Increases Return Risk (+)
payment_method_UPI,0.1726912681740256,-0.1726912681740256,Decreases Return Risk (-)
delivery_duration_days,0.10288969321806973,0.10288969321806973,Increases Return Risk (+)
product_category_Home & Kitchen,0.059719483575074686,0.059719483575074686,Increases Return Risk (+)
payment_method_Credit Card,0.05178810498945261,-0.05178810498945261,Decreases Return Risk (-)
product_category_Beauty,0.02217246879529947,-0.02217246879529947,Decreases Return Risk (-)
product_price_inr,0.015004162827765743,-0.015004162827765743,Decreases Return Risk (-)
